{
	"pools": [
		{
			"rolls": 1,
			"entries": [
				{
					"type": "minecraft:item",
					"name": "minecraft:green_wool",
					"functions": [
						{
							"function": "minecraft:set_components",
							"components": {
								"minecraft:item_name": {
									"text": "Mouton Glouton",
									"color": "green"
								},
								"minecraft:consumable": {
									"consume_seconds": 1024
								},
								"minecraft:lore": [
									[
										"",
										{"text": "I","color": "white","italic": false,"font": "sheepwars:icons"},
										{"text": " SheepWars","italic": true,"color": "blue"}
									]
								],
								"minecraft:custom_data": {
									"sheepwars": {
										"glouton": true
									},
									"smithed": {
										"ignore": {"functionality": true,"crafting": true}
									}
								}
							}
						}
					]
				}
			]
		}
	]
}
