{
	"pools": [
		{
			"rolls": 1,
			"entries": [
				{
					"type": "minecraft:item",
					"name": "minecraft:orange_wool",
					"functions": [
						{
							"function": "minecraft:set_components",
							"components": {
								"minecraft:item_name": "{\"text\":\"Mouton Incendiaire\",\"color\":\"gold\"}",
								"minecraft:consumable": {
									"consume_seconds": 1024
								},
								"minecraft:lore": [
									"{\"text\": \"SheepWars\", \"italic\": true, \"color\": \"blue\"}"
								],
								"minecraft:custom_data": {
									"sheepwars": {"incendiaire": true},
									"smithed": {"ignore": {"functionality": true,"crafting": true}}
								}
							}
						}
					]
				}
			]
		}
	]
}
